FileName;UniqueId;On;Battery;SunriseOffset;SunsetOffset;Dark;Daylight;Pressure;Humidity;Temperature;LastUpdated;Status;Sunrise;Sunset;Etag;Manufacturername;Modelid;Name;SwVersion;Type
sensorfetch_202401042129.json;00:21:2e:ff:ff:05:e2:d6-01;True;0;30;-30;True;False;0;0;0;2024-01-04T17:09:36.689;230;2024-01-04T07:41:12;2024-01-04T14:48:42;b56f5332a6a367b62ce0705618c373e8;Philips;PHDL00;Daylight;1.0;Daylight
sensorfetch_202401042129.json;00:15:8d:00:05:6b:fa:d2-01-0403;True;100;0;0;False;False;1003;0;0;2024-01-04T21:05:01.098;0;;;5ad6a515398dcd7151b36edc83d8f055;LUMI;lumi.weather;Office 1;20191205;ZHAPressure
sensorfetch_202401042129.json;00:15:8d:00:05:88:eb:01-01-0402;True;38;0;0;False;False;0;0;-28;2023-12-23T19:21:33.264;0;;;abad90f14a48a6459d3dcd35a98d2074;LUMI;lumi.weather;Attic;20191205;ZHATemperature
sensorfetch_202401042129.json;00:15:8d:00:05:88:eb:01-01-0405;True;38;0;0;False;False;0;7806;0;2023-12-24T16:38:25.905;0;;;abad90f14a48a6459d3dcd35a98d2074;LUMI;lumi.weather;Attic;20191205;ZHAHumidity
sensorfetch_202401042129.json;00:15:8d:00:05:88:eb:01-01-0403;True;38;0;0;False;False;991;0;0;2023-12-23T19:21:33.279;0;;;abad90f14a48a6459d3dcd35a98d2074;LUMI;lumi.weather;Attic;20191205;ZHAPressure
sensorfetch_202401042129.json;00:15:8d:00:05:8a:5f:91-01-0402;True;100;0;0;False;False;0;0;783;2024-01-04T20:53:55.558;0;;;0dc4a1c0c7adf524d698e137bd077bee;LUMI;lumi.weather;Shed;20191205;ZHATemperature
sensorfetch_202401042129.json;00:15:8d:00:05:8a:5f:91-01-0405;True;100;0;0;False;False;0;5943;0;2024-01-04T20:53:55.571;0;;;0dc4a1c0c7adf524d698e137bd077bee;LUMI;lumi.weather;Shed;20191205;ZHAHumidity
sensorfetch_202401042129.json;00:15:8d:00:05:8a:5f:91-01-0403;True;100;0;0;False;False;1015;0;0;2024-01-04T20:53:55.576;0;;;0dc4a1c0c7adf524d698e137bd077bee;LUMI;lumi.weather;Shed;20191205;ZHAPressure
sensorfetch_202401042129.json;00:15:8d:00:05:8c:a3:d4-01-0402;True;91;0;0;False;False;0;0;2191;2024-01-04T21:12:07.057;0;;;2c6c86306291d13f936546d7eb1b9e8e;LUMI;lumi.weather;Kitchen;20191205;ZHATemperature
sensorfetch_202401042129.json;00:15:8d:00:05:8c:a3:d4-01-0405;True;91;0;0;False;False;0;3409;0;2024-01-04T21:12:07.068;0;;;2c6c86306291d13f936546d7eb1b9e8e;LUMI;lumi.weather;Kitchen;20191205;ZHAHumidity
sensorfetch_202401042129.json;00:15:8d:00:05:8c:a3:d4-01-0403;True;91;0;0;False;False;1014;0;0;2024-01-04T21:12:07.073;0;;;2c6c86306291d13f936546d7eb1b9e8e;LUMI;lumi.weather;Kitchen;20191205;ZHAPressure
sensorfetch_202401042129.json;00:15:8d:00:05:44:ee:4c-01-0402;True;91;0;0;False;False;0;0;1463;2024-01-04T21:26:30.209;0;;;0a141246999b78e4a7c74cd8dfd5db14;LUMI;lumi.weather;Bedroom 2;20191205;ZHATemperature
sensorfetch_202401042129.json;00:15:8d:00:05:44:ee:4c-01-0405;True;91;0;0;False;False;0;3825;0;2024-01-04T21:26:30.209;0;;;0a141246999b78e4a7c74cd8dfd5db14;LUMI;lumi.weather;Bedroom 2;20191205;ZHAHumidity
sensorfetch_202401042129.json;00:15:8d:00:05:44:ee:4c-01-0403;True;91;0;0;False;False;1010;0;0;2024-01-04T21:26:30.209;0;;;0a141246999b78e4a7c74cd8dfd5db14;LUMI;lumi.weather;Bedroom 2;20191205;ZHAPressure
sensorfetch_202401042129.json;00:15:8d:00:05:4b:34:c0-01-0402;True;100;0;0;False;False;0;0;2014;2024-01-04T20:55:28.684;0;;;d61e6e1638304d34dda39b4d648b0315;LUMI;lumi.weather;Hallway 2nd Floor;20191205;ZHATemperature
sensorfetch_202401042129.json;00:15:8d:00:05:4b:34:c0-01-0405;True;100;0;0;False;False;0;3606;0;2024-01-04T20:55:28.695;0;;;d61e6e1638304d34dda39b4d648b0315;LUMI;lumi.weather;Hallway 2nd Floor;20191205;ZHAHumidity
sensorfetch_202401042129.json;00:15:8d:00:05:4b:34:c0-01-0403;True;100;0;0;False;False;1021;0;0;2024-01-04T20:55:28.702;0;;;d61e6e1638304d34dda39b4d648b0315;LUMI;lumi.weather;Hallway 2nd Floor;20191205;ZHAPressure
sensorfetch_202401042129.json;00:15:8d:00:05:6b:fa:d2-01-0402;True;100;0;0;False;False;0;0;2141;2024-01-04T21:05:01.082;0;;;5ad6a515398dcd7151b36edc83d8f055;LUMI;lumi.weather;Office 1;20191205;ZHATemperature
sensorfetch_202401042129.json;00:15:8d:00:05:6b:fa:d2-01-0405;True;100;0;0;False;False;0;3375;0;2024-01-04T21:05:01.092;0;;;5ad6a515398dcd7151b36edc83d8f055;LUMI;lumi.weather;Office 1;20191205;ZHAHumidity
sensorfetch_202401042152.json;00:21:2e:ff:ff:05:e2:d6-01;True;0;30;-30;True;False;0;0;0;2024-01-04T17:09:36.689;230;2024-01-04T07:41:12;2024-01-04T14:48:42;b56f5332a6a367b62ce0705618c373e8;Philips;PHDL00;Daylight;1.0;Daylight
sensorfetch_202401042152.json;00:15:8d:00:05:6b:fa:d2-01-0403;True;100;0;0;False;False;1003;0;0;2024-01-04T20:34:43.102;0;;;d64d1cb79945c068cff045b9511c2d5a;LUMI;lumi.weather;Office 1;20191205;ZHAPressure
sensorfetch_202401042152.json;00:15:8d:00:05:88:eb:01-01-0402;True;38;0;0;False;False;0;0;-28;2023-12-23T19:21:33.264;0;;;abad90f14a48a6459d3dcd35a98d2074;LUMI;lumi.weather;Attic;20191205;ZHATemperature
sensorfetch_202401042152.json;00:15:8d:00:05:88:eb:01-01-0405;True;38;0;0;False;False;0;7806;0;2023-12-24T16:38:25.905;0;;;abad90f14a48a6459d3dcd35a98d2074;LUMI;lumi.weather;Attic;20191205;ZHAHumidity
sensorfetch_202401042152.json;00:15:8d:00:05:88:eb:01-01-0403;True;38;0;0;False;False;991;0;0;2023-12-23T19:21:33.279;0;;;abad90f14a48a6459d3dcd35a98d2074;LUMI;lumi.weather;Attic;20191205;ZHAPressure
sensorfetch_202401042152.json;00:15:8d:00:05:8a:5f:91-01-0402;True;100;0;0;False;False;0;0;778;2024-01-04T20:28:53.237;0;;;7b62d6ca4f473e7edea53160fac23402;LUMI;lumi.weather;Shed;20191205;ZHATemperature
sensorfetch_202401042152.json;00:15:8d:00:05:8a:5f:91-01-0405;True;100;0;0;False;False;0;5952;0;2024-01-04T20:28:53.248;0;;;7b62d6ca4f473e7edea53160fac23402;LUMI;lumi.weather;Shed;20191205;ZHAHumidity
sensorfetch_202401042152.json;00:15:8d:00:05:8a:5f:91-01-0403;True;100;0;0;False;False;1015;0;0;2024-01-04T20:28:53.253;0;;;7b62d6ca4f473e7edea53160fac23402;LUMI;lumi.weather;Shed;20191205;ZHAPressure
sensorfetch_202401042152.json;00:15:8d:00:05:8c:a3:d4-01-0402;True;91;0;0;False;False;0;0;2183;2024-01-04T20:40:44.393;0;;;a1e1f0ac83481cd58708044891068f5e;LUMI;lumi.weather;Kitchen;20191205;ZHATemperature
sensorfetch_202401042152.json;00:15:8d:00:05:8c:a3:d4-01-0405;True;91;0;0;False;False;0;3427;0;2024-01-04T20:40:44.393;0;;;a1e1f0ac83481cd58708044891068f5e;LUMI;lumi.weather;Kitchen;20191205;ZHAHumidity
sensorfetch_202401042152.json;00:15:8d:00:05:8c:a3:d4-01-0403;True;91;0;0;False;False;1014;0;0;2024-01-04T20:40:44.393;0;;;a1e1f0ac83481cd58708044891068f5e;LUMI;lumi.weather;Kitchen;20191205;ZHAPressure
sensorfetch_202401042152.json;00:15:8d:00:05:44:ee:4c-01-0402;True;91;0;0;False;False;0;0;1466;2024-01-04T20:28:34.134;0;;;b0f5708038f897a6876324a4926d7096;LUMI;lumi.weather;Bedroom 2;20191205;ZHATemperature
sensorfetch_202401042152.json;00:15:8d:00:05:44:ee:4c-01-0405;True;91;0;0;False;False;0;3821;0;2024-01-04T20:28:34.141;0;;;b0f5708038f897a6876324a4926d7096;LUMI;lumi.weather;Bedroom 2;20191205;ZHAHumidity
sensorfetch_202401042152.json;00:15:8d:00:05:44:ee:4c-01-0403;True;91;0;0;False;False;1009;0;0;2024-01-04T20:28:34.147;0;;;b0f5708038f897a6876324a4926d7096;LUMI;lumi.weather;Bedroom 2;20191205;ZHAPressure
sensorfetch_202401042152.json;00:15:8d:00:05:4b:34:c0-01-0402;True;100;0;0;False;False;0;0;2013;2024-01-04T20:40:12.682;0;;;6d2558c553d81119c7e5a59e3ea209aa;LUMI;lumi.weather;Hallway 2nd Floor;20191205;ZHATemperature
sensorfetch_202401042152.json;00:15:8d:00:05:4b:34:c0-01-0405;True;100;0;0;False;False;0;3621;0;2024-01-04T20:40:12.682;0;;;6d2558c553d81119c7e5a59e3ea209aa;LUMI;lumi.weather;Hallway 2nd Floor;20191205;ZHAHumidity
sensorfetch_202401042152.json;00:15:8d:00:05:4b:34:c0-01-0403;True;100;0;0;False;False;1021;0;0;2024-01-04T20:40:12.682;0;;;6d2558c553d81119c7e5a59e3ea209aa;LUMI;lumi.weather;Hallway 2nd Floor;20191205;ZHAPressure
sensorfetch_202401042152.json;00:15:8d:00:05:6b:fa:d2-01-0402;True;100;0;0;False;False;0;0;2145;2024-01-04T20:34:43.081;0;;;d64d1cb79945c068cff045b9511c2d5a;LUMI;lumi.weather;Office 1;20191205;ZHATemperature
sensorfetch_202401042152.json;00:15:8d:00:05:6b:fa:d2-01-0405;True;100;0;0;False;False;0;3397;0;2024-01-04T20:34:43.095;0;;;d64d1cb79945c068cff045b9511c2d5a;LUMI;lumi.weather;Office 1;20191205;ZHAHumidity
sensorfetch_202401042206.json;00:21:2e:ff:ff:05:e2:d6-01;True;0;30;-30;True;False;0;0;0;2024-01-04T17:09:36.689;230;2024-01-04T07:41:12;2024-01-04T14:48:42;b56f5332a6a367b62ce0705618c373e8;Philips;PHDL00;Daylight;1.0;Daylight
sensorfetch_202401042206.json;00:15:8d:00:05:6b:fa:d2-01-0403;True;100;0;0;False;False;1003;0;0;2024-01-04T21:05:01.098;0;;;5ad6a515398dcd7151b36edc83d8f055;LUMI;lumi.weather;Office 1;20191205;ZHAPressure
sensorfetch_202401042206.json;00:15:8d:00:05:88:eb:01-01-0402;True;38;0;0;False;False;0;0;-28;2023-12-23T19:21:33.264;0;;;abad90f14a48a6459d3dcd35a98d2074;LUMI;lumi.weather;Attic;20191205;ZHATemperature
sensorfetch_202401042206.json;00:15:8d:00:05:88:eb:01-01-0405;True;38;0;0;False;False;0;7806;0;2023-12-24T16:38:25.905;0;;;abad90f14a48a6459d3dcd35a98d2074;LUMI;lumi.weather;Attic;20191205;ZHAHumidity
sensorfetch_202401042206.json;00:15:8d:00:05:88:eb:01-01-0403;True;38;0;0;False;False;991;0;0;2023-12-23T19:21:33.279;0;;;abad90f14a48a6459d3dcd35a98d2074;LUMI;lumi.weather;Attic;20191205;ZHAPressure
sensorfetch_202401042206.json;00:15:8d:00:05:8a:5f:91-01-0402;True;100;0;0;False;False;0;0;783;2024-01-04T20:53:55.558;0;;;0dc4a1c0c7adf524d698e137bd077bee;LUMI;lumi.weather;Shed;20191205;ZHATemperature
sensorfetch_202401042206.json;00:15:8d:00:05:8a:5f:91-01-0405;True;100;0;0;False;False;0;5943;0;2024-01-04T20:53:55.571;0;;;0dc4a1c0c7adf524d698e137bd077bee;LUMI;lumi.weather;Shed;20191205;ZHAHumidity
sensorfetch_202401042206.json;00:15:8d:00:05:8a:5f:91-01-0403;True;100;0;0;False;False;1015;0;0;2024-01-04T20:53:55.576;0;;;0dc4a1c0c7adf524d698e137bd077bee;LUMI;lumi.weather;Shed;20191205;ZHAPressure
sensorfetch_202401042206.json;00:15:8d:00:05:8c:a3:d4-01-0402;True;91;0;0;False;False;0;0;2185;2024-01-04T20:53:03.565;0;;;1de03944e03766c91a8b71ee98cbec1b;LUMI;lumi.weather;Kitchen;20191205;ZHATemperature
sensorfetch_202401042206.json;00:15:8d:00:05:8c:a3:d4-01-0405;True;91;0;0;False;False;0;3404;0;2024-01-04T20:53:03.575;0;;;1de03944e03766c91a8b71ee98cbec1b;LUMI;lumi.weather;Kitchen;20191205;ZHAHumidity
sensorfetch_202401042206.json;00:15:8d:00:05:8c:a3:d4-01-0403;True;91;0;0;False;False;1014;0;0;2024-01-04T20:53:03.581;0;;;1de03944e03766c91a8b71ee98cbec1b;LUMI;lumi.weather;Kitchen;20191205;ZHAPressure
sensorfetch_202401042206.json;00:15:8d:00:05:44:ee:4c-01-0402;True;91;0;0;False;False;0;0;1466;2024-01-04T20:55:30.912;0;;;ed8dfd5e985c7ea4f30b8c95c1323c66;LUMI;lumi.weather;Bedroom 2;20191205;ZHATemperature
sensorfetch_202401042206.json;00:15:8d:00:05:44:ee:4c-01-0405;True;91;0;0;False;False;0;3829;0;2024-01-04T20:55:30.922;0;;;ed8dfd5e985c7ea4f30b8c95c1323c66;LUMI;lumi.weather;Bedroom 2;20191205;ZHAHumidity
sensorfetch_202401042206.json;00:15:8d:00:05:44:ee:4c-01-0403;True;91;0;0;False;False;1009;0;0;2024-01-04T20:55:30.928;0;;;ed8dfd5e985c7ea4f30b8c95c1323c66;LUMI;lumi.weather;Bedroom 2;20191205;ZHAPressure
sensorfetch_202401042206.json;00:15:8d:00:05:4b:34:c0-01-0402;True;100;0;0;False;False;0;0;2014;2024-01-04T20:55:28.684;0;;;d61e6e1638304d34dda39b4d648b0315;LUMI;lumi.weather;Hallway 2nd Floor;20191205;ZHATemperature
sensorfetch_202401042206.json;00:15:8d:00:05:4b:34:c0-01-0405;True;100;0;0;False;False;0;3606;0;2024-01-04T20:55:28.695;0;;;d61e6e1638304d34dda39b4d648b0315;LUMI;lumi.weather;Hallway 2nd Floor;20191205;ZHAHumidity
sensorfetch_202401042206.json;00:15:8d:00:05:4b:34:c0-01-0403;True;100;0;0;False;False;1021;0;0;2024-01-04T20:55:28.702;0;;;d61e6e1638304d34dda39b4d648b0315;LUMI;lumi.weather;Hallway 2nd Floor;20191205;ZHAPressure
sensorfetch_202401042206.json;00:15:8d:00:05:6b:fa:d2-01-0402;True;100;0;0;False;False;0;0;2141;2024-01-04T21:05:01.082;0;;;5ad6a515398dcd7151b36edc83d8f055;LUMI;lumi.weather;Office 1;20191205;ZHATemperature
sensorfetch_202401042206.json;00:15:8d:00:05:6b:fa:d2-01-0405;True;100;0;0;False;False;0;3375;0;2024-01-04T21:05:01.092;0;;;5ad6a515398dcd7151b36edc83d8f055;LUMI;lumi.weather;Office 1;20191205;ZHAHumidity
sensorfetch_202401042207.json;00:21:2e:ff:ff:05:e2:d6-01;True;0;30;-30;True;False;0;0;0;2024-01-04T17:09:36.689;230;2024-01-04T07:41:12;2024-01-04T14:48:42;b56f5332a6a367b62ce0705618c373e8;Philips;PHDL00;Daylight;1.0;Daylight
sensorfetch_202401042207.json;00:15:8d:00:05:6b:fa:d2-01-0403;True;100;0;0;False;False;1003;0;0;2024-01-04T21:05:01.098;0;;;5ad6a515398dcd7151b36edc83d8f055;LUMI;lumi.weather;Office 1;20191205;ZHAPressure
sensorfetch_202401042207.json;00:15:8d:00:05:88:eb:01-01-0402;True;38;0;0;False;False;0;0;-28;2023-12-23T19:21:33.264;0;;;abad90f14a48a6459d3dcd35a98d2074;LUMI;lumi.weather;Attic;20191205;ZHATemperature
sensorfetch_202401042207.json;00:15:8d:00:05:88:eb:01-01-0405;True;38;0;0;False;False;0;7806;0;2023-12-24T16:38:25.905;0;;;abad90f14a48a6459d3dcd35a98d2074;LUMI;lumi.weather;Attic;20191205;ZHAHumidity
sensorfetch_202401042207.json;00:15:8d:00:05:88:eb:01-01-0403;True;38;0;0;False;False;991;0;0;2023-12-23T19:21:33.279;0;;;abad90f14a48a6459d3dcd35a98d2074;LUMI;lumi.weather;Attic;20191205;ZHAPressure
sensorfetch_202401042207.json;00:15:8d:00:05:8a:5f:91-01-0402;True;100;0;0;False;False;0;0;783;2024-01-04T20:53:55.558;0;;;0dc4a1c0c7adf524d698e137bd077bee;LUMI;lumi.weather;Shed;20191205;ZHATemperature
sensorfetch_202401042207.json;00:15:8d:00:05:8a:5f:91-01-0405;True;100;0;0;False;False;0;5943;0;2024-01-04T20:53:55.571;0;;;0dc4a1c0c7adf524d698e137bd077bee;LUMI;lumi.weather;Shed;20191205;ZHAHumidity
sensorfetch_202401042207.json;00:15:8d:00:05:8a:5f:91-01-0403;True;100;0;0;False;False;1015;0;0;2024-01-04T20:53:55.576;0;;;0dc4a1c0c7adf524d698e137bd077bee;LUMI;lumi.weather;Shed;20191205;ZHAPressure
sensorfetch_202401042207.json;00:15:8d:00:05:8c:a3:d4-01-0402;True;91;0;0;False;False;0;0;2185;2024-01-04T20:53:03.565;0;;;1de03944e03766c91a8b71ee98cbec1b;LUMI;lumi.weather;Kitchen;20191205;ZHATemperature
sensorfetch_202401042207.json;00:15:8d:00:05:8c:a3:d4-01-0405;True;91;0;0;False;False;0;3404;0;2024-01-04T20:53:03.575;0;;;1de03944e03766c91a8b71ee98cbec1b;LUMI;lumi.weather;Kitchen;20191205;ZHAHumidity
sensorfetch_202401042207.json;00:15:8d:00:05:8c:a3:d4-01-0403;True;91;0;0;False;False;1014;0;0;2024-01-04T20:53:03.581;0;;;1de03944e03766c91a8b71ee98cbec1b;LUMI;lumi.weather;Kitchen;20191205;ZHAPressure
sensorfetch_202401042207.json;00:15:8d:00:05:44:ee:4c-01-0402;True;91;0;0;False;False;0;0;1466;2024-01-04T20:55:30.912;0;;;ed8dfd5e985c7ea4f30b8c95c1323c66;LUMI;lumi.weather;Bedroom 2;20191205;ZHATemperature
sensorfetch_202401042207.json;00:15:8d:00:05:44:ee:4c-01-0405;True;91;0;0;False;False;0;3829;0;2024-01-04T20:55:30.922;0;;;ed8dfd5e985c7ea4f30b8c95c1323c66;LUMI;lumi.weather;Bedroom 2;20191205;ZHAHumidity
sensorfetch_202401042207.json;00:15:8d:00:05:44:ee:4c-01-0403;True;91;0;0;False;False;1009;0;0;2024-01-04T20:55:30.928;0;;;ed8dfd5e985c7ea4f30b8c95c1323c66;LUMI;lumi.weather;Bedroom 2;20191205;ZHAPressure
sensorfetch_202401042207.json;00:15:8d:00:05:4b:34:c0-01-0402;True;100;0;0;False;False;0;0;2014;2024-01-04T20:55:28.684;0;;;d61e6e1638304d34dda39b4d648b0315;LUMI;lumi.weather;Hallway 2nd Floor;20191205;ZHATemperature
sensorfetch_202401042207.json;00:15:8d:00:05:4b:34:c0-01-0405;True;100;0;0;False;False;0;3606;0;2024-01-04T20:55:28.695;0;;;d61e6e1638304d34dda39b4d648b0315;LUMI;lumi.weather;Hallway 2nd Floor;20191205;ZHAHumidity
sensorfetch_202401042207.json;00:15:8d:00:05:4b:34:c0-01-0403;True;100;0;0;False;False;1021;0;0;2024-01-04T20:55:28.702;0;;;d61e6e1638304d34dda39b4d648b0315;LUMI;lumi.weather;Hallway 2nd Floor;20191205;ZHAPressure
sensorfetch_202401042207.json;00:15:8d:00:05:6b:fa:d2-01-0402;True;100;0;0;False;False;0;0;2141;2024-01-04T21:05:01.082;0;;;5ad6a515398dcd7151b36edc83d8f055;LUMI;lumi.weather;Office 1;20191205;ZHATemperature
sensorfetch_202401042207.json;00:15:8d:00:05:6b:fa:d2-01-0405;True;100;0;0;False;False;0;3375;0;2024-01-04T21:05:01.092;0;;;5ad6a515398dcd7151b36edc83d8f055;LUMI;lumi.weather;Office 1;20191205;ZHAHumidity
sensorfetch_202401042216.json;00:21:2e:ff:ff:05:e2:d6-01;True;0;30;-30;True;False;0;0;0;2024-01-04T17:09:36.689;230;2024-01-04T07:41:12;2024-01-04T14:48:42;b56f5332a6a367b62ce0705618c373e8;Philips;PHDL00;Daylight;1.0;Daylight
sensorfetch_202401042216.json;00:15:8d:00:05:6b:fa:d2-01-0403;True;100;0;0;False;False;1003;0;0;2024-01-04T21:05:01.098;0;;;5ad6a515398dcd7151b36edc83d8f055;LUMI;lumi.weather;Office 1;20191205;ZHAPressure
sensorfetch_202401042216.json;00:15:8d:00:05:88:eb:01-01-0402;True;38;0;0;False;False;0;0;-28;2023-12-23T19:21:33.264;0;;;abad90f14a48a6459d3dcd35a98d2074;LUMI;lumi.weather;Attic;20191205;ZHATemperature
sensorfetch_202401042216.json;00:15:8d:00:05:88:eb:01-01-0405;True;38;0;0;False;False;0;7806;0;2023-12-24T16:38:25.905;0;;;abad90f14a48a6459d3dcd35a98d2074;LUMI;lumi.weather;Attic;20191205;ZHAHumidity
sensorfetch_202401042216.json;00:15:8d:00:05:88:eb:01-01-0403;True;38;0;0;False;False;991;0;0;2023-12-23T19:21:33.279;0;;;abad90f14a48a6459d3dcd35a98d2074;LUMI;lumi.weather;Attic;20191205;ZHAPressure
sensorfetch_202401042216.json;00:15:8d:00:05:8a:5f:91-01-0402;True;100;0;0;False;False;0;0;783;2024-01-04T20:53:55.558;0;;;0dc4a1c0c7adf524d698e137bd077bee;LUMI;lumi.weather;Shed;20191205;ZHATemperature
sensorfetch_202401042216.json;00:15:8d:00:05:8a:5f:91-01-0405;True;100;0;0;False;False;0;5943;0;2024-01-04T20:53:55.571;0;;;0dc4a1c0c7adf524d698e137bd077bee;LUMI;lumi.weather;Shed;20191205;ZHAHumidity
sensorfetch_202401042216.json;00:15:8d:00:05:8a:5f:91-01-0403;True;100;0;0;False;False;1015;0;0;2024-01-04T20:53:55.576;0;;;0dc4a1c0c7adf524d698e137bd077bee;LUMI;lumi.weather;Shed;20191205;ZHAPressure
sensorfetch_202401042216.json;00:15:8d:00:05:8c:a3:d4-01-0402;True;91;0;0;False;False;0;0;2191;2024-01-04T21:12:07.057;0;;;2c6c86306291d13f936546d7eb1b9e8e;LUMI;lumi.weather;Kitchen;20191205;ZHATemperature
sensorfetch_202401042216.json;00:15:8d:00:05:8c:a3:d4-01-0405;True;91;0;0;False;False;0;3409;0;2024-01-04T21:12:07.068;0;;;2c6c86306291d13f936546d7eb1b9e8e;LUMI;lumi.weather;Kitchen;20191205;ZHAHumidity
sensorfetch_202401042216.json;00:15:8d:00:05:8c:a3:d4-01-0403;True;91;0;0;False;False;1014;0;0;2024-01-04T21:12:07.073;0;;;2c6c86306291d13f936546d7eb1b9e8e;LUMI;lumi.weather;Kitchen;20191205;ZHAPressure
sensorfetch_202401042216.json;00:15:8d:00:05:44:ee:4c-01-0402;True;91;0;0;False;False;0;0;1466;2024-01-04T20:55:30.912;0;;;ed8dfd5e985c7ea4f30b8c95c1323c66;LUMI;lumi.weather;Bedroom 2;20191205;ZHATemperature
sensorfetch_202401042216.json;00:15:8d:00:05:44:ee:4c-01-0405;True;91;0;0;False;False;0;3829;0;2024-01-04T20:55:30.922;0;;;ed8dfd5e985c7ea4f30b8c95c1323c66;LUMI;lumi.weather;Bedroom 2;20191205;ZHAHumidity
sensorfetch_202401042216.json;00:15:8d:00:05:44:ee:4c-01-0403;True;91;0;0;False;False;1009;0;0;2024-01-04T20:55:30.928;0;;;ed8dfd5e985c7ea4f30b8c95c1323c66;LUMI;lumi.weather;Bedroom 2;20191205;ZHAPressure
sensorfetch_202401042216.json;00:15:8d:00:05:4b:34:c0-01-0402;True;100;0;0;False;False;0;0;2014;2024-01-04T20:55:28.684;0;;;d61e6e1638304d34dda39b4d648b0315;LUMI;lumi.weather;Hallway 2nd Floor;20191205;ZHATemperature
sensorfetch_202401042216.json;00:15:8d:00:05:4b:34:c0-01-0405;True;100;0;0;False;False;0;3606;0;2024-01-04T20:55:28.695;0;;;d61e6e1638304d34dda39b4d648b0315;LUMI;lumi.weather;Hallway 2nd Floor;20191205;ZHAHumidity
sensorfetch_202401042216.json;00:15:8d:00:05:4b:34:c0-01-0403;True;100;0;0;False;False;1021;0;0;2024-01-04T20:55:28.702;0;;;d61e6e1638304d34dda39b4d648b0315;LUMI;lumi.weather;Hallway 2nd Floor;20191205;ZHAPressure
sensorfetch_202401042216.json;00:15:8d:00:05:6b:fa:d2-01-0402;True;100;0;0;False;False;0;0;2141;2024-01-04T21:05:01.082;0;;;5ad6a515398dcd7151b36edc83d8f055;LUMI;lumi.weather;Office 1;20191205;ZHATemperature
sensorfetch_202401042216.json;00:15:8d:00:05:6b:fa:d2-01-0405;True;100;0;0;False;False;0;3375;0;2024-01-04T21:05:01.092;0;;;5ad6a515398dcd7151b36edc83d8f055;LUMI;lumi.weather;Office 1;20191205;ZHAHumidity
sensorfetch_202401042300.json;00:21:2e:ff:ff:05:e2:d6-01;True;0;30;-30;True;False;0;0;0;2024-01-04T17:09:36.689;230;2024-01-04T07:41:12;2024-01-04T14:48:42;b56f5332a6a367b62ce0705618c373e8;Philips;PHDL00;Daylight;1.0;Daylight
sensorfetch_202401042300.json;00:15:8d:00:05:6b:fa:d2-01-0403;True;100;0;0;False;False;1004;0;0;2024-01-04T22:44:07.829;0;;;79a9e32979906976fa9c17e5347f5bb0;LUMI;lumi.weather;Office 1;20191205;ZHAPressure
sensorfetch_202401042300.json;00:15:8d:00:05:88:eb:01-01-0402;True;38;0;0;False;False;0;0;-28;2023-12-23T19:21:33.264;0;;;abad90f14a48a6459d3dcd35a98d2074;LUMI;lumi.weather;Attic;20191205;ZHATemperature
sensorfetch_202401042300.json;00:15:8d:00:05:88:eb:01-01-0405;True;38;0;0;False;False;0;7806;0;2023-12-24T16:38:25.905;0;;;abad90f14a48a6459d3dcd35a98d2074;LUMI;lumi.weather;Attic;20191205;ZHAHumidity
sensorfetch_202401042300.json;00:15:8d:00:05:88:eb:01-01-0403;True;38;0;0;False;False;991;0;0;2023-12-23T19:21:33.279;0;;;abad90f14a48a6459d3dcd35a98d2074;LUMI;lumi.weather;Attic;20191205;ZHAPressure
sensorfetch_202401042300.json;00:15:8d:00:05:8a:5f:91-01-0402;True;100;0;0;False;False;0;0;772;2024-01-04T22:34:52.797;0;;;20704f6940be3cbd09864d84e5f09ef7;LUMI;lumi.weather;Shed;20191205;ZHATemperature
sensorfetch_202401042300.json;00:15:8d:00:05:8a:5f:91-01-0405;True;100;0;0;False;False;0;5923;0;2024-01-04T22:34:52.797;0;;;20704f6940be3cbd09864d84e5f09ef7;LUMI;lumi.weather;Shed;20191205;ZHAHumidity
sensorfetch_202401042300.json;00:15:8d:00:05:8a:5f:91-01-0403;True;100;0;0;False;False;1015;0;0;2024-01-04T22:34:52.796;0;;;20704f6940be3cbd09864d84e5f09ef7;LUMI;lumi.weather;Shed;20191205;ZHAPressure
sensorfetch_202401042300.json;00:15:8d:00:05:8c:a3:d4-01-0402;True;91;0;0;False;False;0;0;2221;2024-01-04T22:59:43.450;0;;;f3dd80b668dc8a8af06ac64642333903;LUMI;lumi.weather;Kitchen;20191205;ZHATemperature
sensorfetch_202401042300.json;00:15:8d:00:05:8c:a3:d4-01-0405;True;91;0;0;False;False;0;3455;0;2024-01-04T22:59:43.460;0;;;f3dd80b668dc8a8af06ac64642333903;LUMI;lumi.weather;Kitchen;20191205;ZHAHumidity
sensorfetch_202401042300.json;00:15:8d:00:05:8c:a3:d4-01-0403;True;91;0;0;False;False;1014;0;0;2024-01-04T22:59:43.466;0;;;f3dd80b668dc8a8af06ac64642333903;LUMI;lumi.weather;Kitchen;20191205;ZHAPressure
sensorfetch_202401042300.json;00:15:8d:00:05:44:ee:4c-01-0402;True;91;0;0;False;False;0;0;1460;2024-01-04T22:22:55.858;0;;;9ad061c5cc323e5ad3721e1b8381433a;LUMI;lumi.weather;Bedroom 2;20191205;ZHATemperature
sensorfetch_202401042300.json;00:15:8d:00:05:44:ee:4c-01-0405;True;91;0;0;False;False;0;3871;0;2024-01-04T22:22:55.858;0;;;9ad061c5cc323e5ad3721e1b8381433a;LUMI;lumi.weather;Bedroom 2;20191205;ZHAHumidity
sensorfetch_202401042300.json;00:15:8d:00:05:44:ee:4c-01-0403;True;91;0;0;False;False;1010;0;0;2024-01-04T22:22:55.859;0;;;9ad061c5cc323e5ad3721e1b8381433a;LUMI;lumi.weather;Bedroom 2;20191205;ZHAPressure
sensorfetch_202401042300.json;00:15:8d:00:05:4b:34:c0-01-0402;True;100;0;0;False;False;0;0;2014;2024-01-04T22:32:12.847;0;;;44dae3affff47ba179905cf2c3db59a6;LUMI;lumi.weather;Hallway 2nd Floor;20191205;ZHATemperature
sensorfetch_202401042300.json;00:15:8d:00:05:4b:34:c0-01-0405;True;100;0;0;False;False;0;3651;0;2024-01-04T22:32:12.847;0;;;44dae3affff47ba179905cf2c3db59a6;LUMI;lumi.weather;Hallway 2nd Floor;20191205;ZHAHumidity
sensorfetch_202401042300.json;00:15:8d:00:05:4b:34:c0-01-0403;True;100;0;0;False;False;1021;0;0;2024-01-04T22:32:12.847;0;;;44dae3affff47ba179905cf2c3db59a6;LUMI;lumi.weather;Hallway 2nd Floor;20191205;ZHAPressure
sensorfetch_202401042300.json;00:15:8d:00:05:6b:fa:d2-01-0402;True;100;0;0;False;False;0;0;2131;2024-01-04T22:44:07.829;0;;;79a9e32979906976fa9c17e5347f5bb0;LUMI;lumi.weather;Office 1;20191205;ZHATemperature
sensorfetch_202401042300.json;00:15:8d:00:05:6b:fa:d2-01-0405;True;100;0;0;False;False;0;3386;0;2024-01-04T22:44:07.829;0;;;79a9e32979906976fa9c17e5347f5bb0;LUMI;lumi.weather;Office 1;20191205;ZHAHumidity
